
{
	"UpdateRate": 200,
	"PlcAddress": "0301.1000.2DDC.C0A8.02B7",
	"UseLocalHost": true,
	"Application": "Application",
	"StartVisu": "Visualization",
	"BestFit": true,
	"LogLevel": "INFO",
	"CommBufferSize": 50000,
	"HasKeyboard": false,
	"TouchHandlingActive": false,
	"HandleTouchEvents": true,
	"ScaleTypeIsotropic": false,
	"BestFitForDialogs": true,
	"RuntimeVersion": "3.5.19.2",
	"LoginVisu": "",
	"FillBackground": true,
	"LoginVisuTexts": "",
	"LoginVisuErrorTexts": "",
	"LoginVisuNamespace": "",
	"LoginVisuDefLang": ""
}